Puzzle,
.5.1..4..6....4..9..38.5...7.93..8.4.16.9........4...1..5............5.83....7...,
.......7....15...84....3.......3.6.....7.658....5...34.2.46....3.48...51.78....4.,
...5..8......9.6.4.1...6.32...9.....6..1..........43168.62.....45.....98..9..5...,
.7..8...2.9...168..8...21.3.......65...5..2...5..1.93.7......5...2.97....698.....,
....3..8....289.....7..4..9.....3..7..9.52.4...4...52.4.85..6.....648.73.........,
8......53514..7....6....4..6..5....1..2......1....624.3.5.....7.2..7....7..8...6.,
....76.......9.7.1.5.1.......4..3..757.....896..98.5......39..8.......36...645...,
...7..........4..6..4.3578...32.867...6.5.......3.7.95.9...6.....8479....67.8....,
........2..7.8.45...6.2....49.6...85......261...7.....8....4...2.5...8.77....9...,
5.....7....8.....37...385.2.....7.4..1.52...93....98.............9...27...2....98,
.37......8..9........784.....4..317............1.76..5..3..5..8..5..9.671...6....,
..49.....8..3.26..9.16.8....4.......5....1.6.......85.....8..9....13.5..6....5.41,
......6.3..7916...5....2.......4.....4.52.31....1....4....65...3.97..5....63.....,
21.64....9...8..4......71..3....9..7....6..8........696.3....748.7...9...9...3...,
....7.8...4............832.2...6...3.3...45..57.....96..7..........2.98.6.98..75.,
..7......519.6.....4...2..7.9.1.....2.3.5...4..6.4..7..6...4..29..617............,
..9....62.2.7...1....83.......5.....1..3...9..86....2...1.7.....9.......3.7...5.6,
..35..4.25....6..8..6.7..5....7.....3..2..6.964...83.........8..7..2...4.....9...,
.....26.....5.....5.1.........1.5.32..8.9.....9...4.....6.4...38...39.2.3......18,
...9......68....59...6.8.1..51....2.......56.9.2.7.....35...19......1.8.8...2.3..,
....67..8.8..9..7..1.8.......631....83.....4......5...4...3....9.5.8.43...1..67..,
..8..7.9...2..46....56.8..7.......52.96.2..........7..2..5...14.81.....5..78....6,
..7..98....48.15...5...4....61..8..579..5.......2..4..........98....2.1..4....7..,
....67231...5..8.......2..7.6.3.91...87.1.........8...9.....6.2....71...3....5.89,
..6......8.9.....4....7......4..5.....786.1..53...4.6..1.3...7....91..58...6.7.1.,
7.....9..1....8.....8.9.......4.6.9.6..3.21...3..1..4.3..7....84.2.......8..2.6.3,
.5..9...3..325.......6....4.......2.9.2.4.7...657........987.3......4.......3.698,
.7....2.6..5.36..11.68.5......5.913...1.6.5.7.....26.....2......3.....8.....8.7.3,
.....9.126..5..9..4...27.5.7.4..139.........52..46..7...3...2..........15........,
215.4..8998..5.3..4.....2...........1..83..9.....2.......9..6.....4...3.564.13.2.,
.9.6.4....1.9..68.2...1...9.65.......2..5..17......4.......7..8..4..15.......8..6,
2...................4.68...62..8......961.82..78..9..39...3..14..6..127..4.7...8.,
9..5.......6.8.....8...6..9....1.....2.....3..7......6.689.2..1..2.5..87.1.73..6.,
..78....4.....23..3..57.8...6...9..72...685....4725..99382.7..............2......,
.7....2....1.35.9..35.6...7..7.4........9........13.2..2.1.4...........9...6..51.,
.7....3...96.8..7138..9..2..............7.......6.91......5..696....7.....12.3.8.,
7...9.46....4..1.7...8..3.24..1..7.3..3......1...4..........6..36...1....12.8....,
.8....3..........43.....67..452.3..7.......1...15..2..8...7.5.6.23....8.6....8.2.,
..3..9.5....628......5..4...3....19415.4...3.........56..2.138........2.....869..,
..21.3.9..9.5.....5..7......7.9.4.811...8...........5.258..9.13.34..1...9..3...4.,
6..9.287...3......9..8..2.........6.7.81..9........128....1...7...238.5....6.93..,
.9..713..2.5.........3.2..8......9..31.8.97......5..1.1.24..8..8..........4...27.,
...9..1.3..2..7.54...1.5....257..3..4..81...28...9.7.1.........5...894.......1..9,
.9....78.5..9.6..4...3.4.....7.........4.1.9.......3.....5....994.1.3..8.1..4...5,
..87.....2.....9.7..91...65576....1.......7.2.......58...9......8....1.3.52.3..9.,
1..2......8....36.......45..98.34.....4.61..5......9........2..9524.6.....1....49,
.7.8.5.......1.74..9.2....5..268....85....4...1.........5.....942..786..9...2....,
...7....62793....5..5...........2....56..1....9.564..3.3......9......6..1....9.4.,
8..9....6..1....2.2.4.7.93....6.4.......297...8............3.....2..76.4.9.86....,
8.....67......39.1...9.....6..274..........371.8..........1...42817.......9....8.,
4..2....1.9..145....8..7........8.75..57926.............18.94...7......2......189,
2....6..7.4.7.....6..3.....89..3..52..4..2376.....5.9....4.......6....83...9...25,
594...7...7..........8..541......1.......7.82.5......99.2..8...4.75.6.......4..6.,
.6..72.8..37........9.16....7..2.8.1......6..1.5....2........6.......9.221..5.3.7,
....8.6.378.63.9459....4....7..58..9...4...6....97........6..17............3.78.6,
..25...13...8234..........9..5.......9.3.........84...3.927..8..2.4397....1......,
.246..3..9.52....7..7.35..4.......5.7.2..6...........9.4.9...7.8......32..6..759.,
...4...5.21.39....9....1...5.............58.434..........7.91.2..35....7..21.8...,
..........51.6..24968....5....84......9..6..54..2.91.3.3.........5....6.62.....8.,
3...7.8.5..7.....32..38..9..........6...3.....5..9..6....96...18.1.57.2...9...7.6,
..8.72...2.1.......3418...945.9....7........1.1....84....3...1.......32......74.6,
....9.......34.5....5172..93.7...41.4..........1.......2.7...4.....2.9..659....2.,
...4..19....82......1.......6......2.927...54.54..8.6..4...76..........9.789.6...,
5.....3.....2.....38675.....1..7....7..831.42....2.....4.3..8...65......2.....5..,
........6...9.45...4.......26....7.5.3...64..4.8..29.....52..8.69..8.2....5.3....,
.73..5......36....28...7....3.1.......8....769..78.1...91.583...6.......3.5.1....,
7.....24......4.....28........4......4.5.1.7..1.3..86....6..58...8.23....6.....3.,
.84.7..62.2..5.......8...9..9.6....11.8......7.2....8.4..2.5.....5..1..7.....4..6,
......1..3.86....2......63........89.9.8.32.....5.......1..97.596....3..7.53.2...,
...2..5.4...7.1...6......192..4.9.8........46......9.7.9.6.2..146..5......5..78.2,
..1....5...5...47............74..68..13..6.9.....7....7.......36.4.395....98...64,
3..2...8....4..65...6.....34....7.38.2......7.1.8..52.....1..4..8..32......5..36.,
...2....8..91.........3...66.75...8...5.2..3..92.7..5..2.6..71.5...1..6.7.....9..,
9.5.....43.8....2..1..28..9..3....8......36.14...61.9.5....6...8..5...3.....4..1.,
.....24..69.......3...........6.3..5...2.......7.4162.....1..92..5........6.94537,
.49....8.....7.465...2....33..9.........5..4...56..7.8..2....7.......692.768.....,
8.59.4.7.....1.2.4..97..5........6........4..7......2.18.5...4..6.2.......4..87.5,
.............5...91.5......8.96..1....6....2..1...35...431.6......3.4..2.....9.34,
..6.9..8........3..4..67....3.5.....4.58.3........6...6.......5.....1..9.579..3.1,
........8..9.3..15...........14..5.93....9.71....2.....4...7....1.9.3.4.7.52..8.3,
12..3.5.....79.....74..18...5............34.9....7428....1...48......13.5.....7..,
.6....917.2..67.....4....2.........5....4123.2.195..4..7..2.3.9....9.5....5......,
.....9...4.8.6..52.2....8.3..4...29.6.........9....475.4..2...796..3....3.2...5..,
...4...9.9.7.5.6..5.......2.8..9...7.1..2...5.465...81...91..5.................46,
...9.........8..31.9.53..86.61...5.2.8.7.....7..2.5........9...1......5....827.6.,
.1..5...9..6.39.1.7.8.64.....3.4............5.....1...6415..8....5...37.....8..51,
..9......47..6...38....326....2.49..9.....81...6.1....6.4..17...97...48...3......,
..3.........64.19.6..9...23....31.4..3687.9...14..9....8.....3.2......87.........,
2.....4...6...9.5..1..6.3.....1..52.7..9..6..1...2........7......5....464.9.1...7,
.5..6.9..3..82.6.4.649.7.58...37..............8.5.9....3.78.............872..4.93,
.5.6...41..........4.17.82..2...6...7.6.52...53....4..36..4......1..8.....4517...,
.5...6.....98.21..7.1...........5.6..9.....8.6....7.3..8......623.1...5..75.6..2.,
...8..72.....5...44..26..1....5..9....1.42.7......18..6...8.19..4.....8..7......5,
9...57.23...91...7..4..3......59..............85...1..3..74.8....1.....24.2.....5,
.7...8.4...5......62.45.1878.....7.12..5..4....6..3..2...32..1..6.8.........61...,
.5.4....9...2..4....6............281......7.....517.4.2..86..9..8..5..245.17..8..,
1.3...2...8.4.7.........6.5.4.....8236.5....4..2..1.........3..2...6...1.58......,
5..9...8.73..8...5..9...43..4...........5....2....7.4...3.92.....6...39...8.7..62,
.6..53......18..42...4.....1.6..75....3...1.....2....8......735.3.....8..2....6.4,
.7.9...1.6...1.5..9..7....3.8.......7...8562......2.4......729...........68...1..,
....53.....612...5..2..6.9.62.....7...34.5..6.....1.59...........9.1...4.1...9..3,
9...72....4.31.9..3..............83.........2..6...7...73.28.4.4.1..769.89.......,
8......2..9.6..14.......8..2.9.........7...9661....3..987..4..1..1.....43....7.6.,
.....8.2929.4..............1..6....7..5..94....6784....58...9.1......8.......52.4,
.....4..887...6.49.....8.3119.487.53.83......5.4......9...53.64.....1.......6....,
........6...72.......64591..7.1...5.....7...9...3.4..2.4.297.6.....1.7....2.....5,
5.......343..2...6.....941..8.....6.2.....139..46.18.5....965.....8.......8....9.,
...2..31..2...9....941.7...5.29.1....7.85.....81..3...4...8...3.......97.......2.,
.76..8.9.5...9..8.4.937....16.....5...4.3...8......7.3.......7....91.634......5..,
6.52......4.5.........4.9.5....9......3.5...919.3.8.....6.2...34...6....5.2...81.,
..9.475.83..5......4.3..72....2..9.....8.4.....6......9...8.6.44..95....2.7..3...,
....4.......9531.2...2...6.71.43.6....91......5..62....94...3..62......9...6.4...,
.....12....72...1.........4.62...34.75..3.....4.....812..4.317.6...2.4.55........,
.2.....9....89...11...7..23.62.3..7...7...56..........8..........9.....66..5.8..2,
8...4.3..32...7...1....298.........3......7.1.9..2.....4.3..1....7..9..6....1427.,
.3..81.2....9....3.....4...4.62..71........3.98........7..1.849....9.......6.8...,
..2.7..5.36...5..2...4..3.6.7.5.6..9.56928....8..4......8............4.7......683,
6.........79..2......617......295..8125.....6.4.......5.....6.9....4..217..9.1...,
........96.3...4..4918.2.6.9..4...38.....79...........14.6....33......247.6....1.,
.....5...35.49........3....4..81.2..12...9.5.7......3.57...8....395.7.4...4.....7,
.......8..7...16...2.5...31..7....5.......1..8....6...68.2....5..3.8....2..75...9,
.......5....4....6481........384...2..2...13......2...3...1.52..65....9.1.9..3...,
5.7..4.61.8.7..94.......5.....45..9....8.6...9.6..........8..76.5..19......2.....,
..329....79..6..8....4...1..4..1.67.2.76.......1......8......296...........83.16.,
.....71..6..3.4.9............3..2..6.5..13.2....75....3.2...9.4.7....6...65..971.,
...4.....1......5....3.1...7..68..9.93.....7.5..1...8...756..48..6..4.19.9......7,
...8..7........64.36....25.5.....184.7.4...3..8.........1..8..7..81.5.......32...,
...17.....54....1.3.......856.7.....283..6......5.2.6..........41.6..7..6...43.2.,
.2.549....9..8......7......5..8..6.9.....7....83.....5.5..2...8.4.37..2....4..5..,
...1...97..67.3.....7.92.5.235....4..19............1....4....3.5..4...12.7...6...,
19....4.....4.3.5...4..5...53.....9..79......2..7...857.1...54..4...2..1........9,
.....5..46.4.9.....9..7...2..35.2...25.....76...........8....2....743...4..6....9,
..6.........1..2.7..8....93...3...8....9..71...5.....9.6.53.....1..2.6..2...8713.,
.8..7..5.45..827....24.........591....176.9......1..2.72.1....6...5..8......9....,
.7..35..4...7.2.......4.5....836.1.26...143..7..5....8......2...23.81...8........,
......914...7..5...5......7.9..2413.32.61...5.........5.9...3....25..4....1.4....,
...7..54...3...........18..7698.....4.5..31...8..94.....8...6..6.7.8...5..4...31.,
4....1.9.........1.6....42.6..8.2..4....5.68.3..6.........2.9..2.....34.58..3416.,
........7....4.........9..54..21....7......6...25.6.9..9..6..3.37..5.1.61...2..7.,
...4.3.....4.7....71........9....5.1.7.86594.........3..973.....85.4..6.1..6....8,
.....1.84..4.5..1..16...7....1.689....8.2....4725..........4......67....69......5,
......7...84......31.8.49......9..1...9......24.........3.6...4.6..78..2.2.4..17.,
..351.6...4.....9362.....8.1..98.......1.....8...6523.......9.8..6..2........9..5,
...925..6.....65...........9..3.....6...72.31.8..9...7....6.1..57...8.232......8.,
.4..1.....1.8.....659.34...5......4..96...1.3..8....96..1...9.2.6.2..4.8.......6.,
...8.397.........6......48..8....7.46...8..1....4...395..16....3..59..48.647....5,
..4..619...8.1....3...2...5....8....9.65..3............9.1...2....3..4.8.436..5..,
..6....5.83.......2...9637.5....7.6992..8......8......6.............4.27.93......,
.....9......43.58........1.9.1.643......9...8..82.3...8.....65.562.....434....1.9,
4..........94..836.3......9.....87..37.6..4...18.......4.8....7.8...561.....6...5,
....1.........356.....5....58.1.....61..37...92...6.8.7....2..68..3...272.....3.5,
4..1..63.3..2....7....8..9..8.97..4.7...42..11..8.........1...4...4...79..3....6.,
.....2891.......63...7...2.8.2..6.7.6.3.....2...4..1.....3.........47918...289...,
...9.2.5118......6.5.63.........5.842...............6.6.8.1..9..43...8...1...4...,
.9.4...5......8....2...5194.....3...48..1...............7...8.291......5..374...9,
9.8.7..6217....5...2..1..8.....2..1....4....5...7....92.9.4.7.1..4...9..8..2.9...,
6.8....3...4..6.2...93....6.2...3.1.3.67.8..2...9...4....8.9.........4...7..2...8,
...8....74..9...5..2..548.1........91.96.2.7......946...5..1..4.74......28.......,
6.....9...52..7.......1.8.4....24..1...7..........1.62..4.92......8..2....9.6..5.,
58.3......2..68..1...........69..8..7.1..32.9.3.75..........31.3..5.9..2.........,
....7..926........5...9.371.8.95.16..92..8.3....73....36..8.9....5.6.............,
....8...1.1..29..4.64....38..3....9...91.7.86...2........3.........4...7....7241.,
6..57....23.1....45.1..9....9....4....249.....1...2..3...95..3.....16...16...49..,
..9..1..8...85..47.....3.5...6...9.1.8.5.......1.....3.....7.16.1....3......94...,
...3.4..2.......14...619.8.2.....596.....5.....12....842.56....5.6.31....1.......,
.....53...6.1.4.925.9.6314..4.......7.5.........3.62.....7.....9..5...232...1....,
.....9......6..3.9..62.4..5.........4.95..7.....8.2..4..4..3.....3.286...8..76..2,
........6..........9.....3......6..5..4.2...7..7..948.7....83..5...32.9.8.6..4.2.,
...81..5..9.2..1..1..3..4..2.1..684......45.19.....6.23.4.8...........3...6......,
8....7.5.1..43.......6.9....7.....64............8.....5.1....4..8635..913.47..5..,
..5.9.7.32....5..1.9..7..6....41.......2.3.......5...7.2..4....6..7.1...371..62..,
.......3....2..46.......2.836481.5......2.....8..3.....41..5.7..5..8.61..26.....4,
3..4.....7....2.1.......4...13....59.....1..49..5....75.4.8..9...9..72....71..8..,
.....8.....16...4....4951.....8...3.5........7..146..9...3..6..4.89..7.16.......8,
7.......42.34689...8...73.......35.93..2.4..697.5....2.....2.....2....6........5.,
5..............6.8..92...3719..8...23........65...7.1.2..9....58....1.7.....28..1,
..9.........5.9...38..2.....6...1.5.........42.1.3...68....592.4.51..3.....3.....,
.....4.......8.9....5.2734.2...3976.83..65.............6.4.8..........95.9...248.,
.......94..9..8716....47.3..9...2..34..81....387......1.4....2..7..........4...87,
..4..7.......1..5..6.8...4.4...9......3..4..8.587....967.5..........31.6..9.7....,
4.....81..6.....2..28.....3..4...7...8.1.4.3..726......9...6..1...28.6.7....3....,
.......974....5...79........7..93..6.19......5.3...8.....5....838.4.1....5.8.9.61,
2..6.........54....3....9.7...3.14.......6....1.....9.4....7.61.5...........9.3.2,
.7.8.36.......9.53..9....7...5....1....4....8.1.3...6..3.1.....7.4.8...9.8....5..,
..59..6.....5...8....6.74....386.5.9.57..2..48.6..93..................2.3.9...7..,
1..78.6.9.....6.4....4.35.7.87......63.8..7..9..1......16......84...7.........9..,
..5.........79...4.7.1.8.2..2.4....9.....38..93..21.5.394.....7.........5.......3,
....164.......8..96.1.342....9.7.....6.......4.3....82.728.1..3.8............2..1,
85......3.26.4....39.5.82.....7....8.67...3.9......6.....9..78......6.2......25.6,
.....7.4.........63.......9.4.1....7...9.8..1..9...43.71.3...824.27..9..8..62..1.,
...73....795...1.......1.6.....1...6...5..7.9.64.....5....43...1.2.75.....9....3.,
2......64.8....7....7....3.7....5.....2.7...9...68....83.4...5.....6938....7.....,
.....1..........21....276..47..695..1..8.4.....6....9.7.......55......47.9...28..,
........82...8.......42...7.........97....243.6....79...3........67..91.84926....,
.8....2.7.......515..6..8.371.........4....7.3.....512.2.7..3..6.3..1......5.8...,
.....7.3...85.3...7....84.........79.41...........23....78.1....9.2..8...8597..2.,
...........2..4....79..2...75..6...492...38....6.....56..52.4...4....9.....4.87.3,
1...98..7.84..2..6...4.7...93....16.6.1.....8...2..3....79...4..6.....7.34.......,
..5.87..1.6..2.4..47........5.......2...1..6...65...84.2..........1..54..9....817,
47......29...7..1.2...5.64.1.......6.32...4............6.5.9.71..471.3......6....,
..5.2..9.2...49........5..648.......1.6..24.93.....82..3....6.5.......8.......941,
16.........8.4.....24..3.9.....28..65.2.....9.1..94....5...128....6....38.1......,
..4.7....6.8....3771....859...1.4.......8........53..6...46..........1..4538.7.6.,
.143..7..6..8...........9...2...6..........9..6..731..1.....2.8.42....3...76.94..,
..75..9..86.3....221.6.7.....2.6...97......5.............1...68.....3.2..3.2..1..,
.....24........3.2.1..6..5.8...26....3..98...2....4.956.....231..3..95....1....4.,
..1.......3..59...9.5.16..239.....6.2..........7.23..1......9.3...7.1.4.5..63....,
.........2.....8...56.4.....1..8..976...5.4.1.8..9..5.7...1852...54.9..8.....574.,
...2.735..8....2.6..28.3...718.4.............5..3..7..6..1.....14......7..3.....2,
2.1..56.7.......3..7.6.4..8523.....6..........64....7...6.4.....8.7....33....1.5.,
.3....7.6...9...4...7....1...3..52.4....4.......62..5......2..5.7.1..9..6..3.7.2.,
.28..4.69...8...3.1......4.....16......9........47.1..67.....2..9...8.7..34..2..6,
...745.1..7.....85.9..1....487.......1..8..4.5....9...2...71..8....5....9..3.2...,
8..6.4.....35....4.42..9....6.41.9...2.3..48.9....5..........3...1...892........5,
.65........7..3.49.1.2.73..5..9..7..6......1........9.92........4.619.2.1.63.....,
2..9..413..6.235......1.8..8..4.2..1..............6945.85....9...4.......6...9...,
.5....2.363..8.4..4.....8.1.8.42.....6...87...756........3.61..........2...8..54.,
.3.......1..52.6...6..1.4.8......3.......82.........6.25.6341..7..2.....31..8..2.,
.5....387....2...47.............1..6418...2..52........7.46...3..3..........158..,
8...3.4...2...1...95....8..4..68..3.........2....4.........59....9.6...43...92...,
..........1.789....78..4...3.9..72...4......9.6....4.82.4..89.6....6...2...41.7..,
..27.....7....9...8..5....4.8.......6.42.....1.9.8.....1...52.72....19869.8.7..4.,
......3....2.1..........49...3...1.9....3.74...4.8.....31..2..7.98.5....2...715.8,
.14..26...........87...324.68......53...8..7..47......431..7.....2.61.8.......7..,
5...64.8.6..3.5...9............58..4.9.4....28.5.2...6....83.4............194.36.,
837....2.1.......426.7..83.7..8...6.....1............3....8971..8..2...6..13.....,
..3759...79.1...2.....2...6.1............354..5....6.9............6912.7......491,
..3...94.25.4.....97...3..1197.2.3.......8.....29........5..1...1..9...7....728..,
.......5...48..9.2...6..3.........9...598623.4.......5....5..6..5.3..1.8.69..1...,
.6.598...2...4.....8927.....3.......7.2.5...365.....2.578.2...6...9......4......5,
...13....4.....7.3..2..8.......5....85.....6...4376....6..87..4..52..8..7..6.125.,
1.9..........9..6.8....145.7..2...........241..5..9..859.6.2.1..2....7.54.1..7...,
........9....67.5.7..1.2.6.693.2.........9...1....3..5..13.6......275..8.38......,
....7....23...54.8.14...5.6...6........3..7.1......23.7.......3....38....617...4.,
.....7..........31...5629....2..6.9..1....54...47..2....7.5.46....3.........41.5.,
..2.8.4..3....29.59.1.4..2.527........4.985.....2....4..5.73.89.........8.....7..,
..52...........4....7.....3.......12.8....9..7...315....2.15.78.7..4....3..8.2..5,
.2..8......3.4..6.8.9....74....5...69..3......7.8........263..8.3.......26.97.5..,
.5.83....98...46..1..5....7......5.649.............14387..45.3.....6...8...7....9,
.3.192.....1.......9..5..8...94...3..7..1...9.15..3.2....57.....8734.51......8...,
6...7...3.....8.5.5.4.29.....6...98.8........32.4...7.2.....8369.......2......4..,
...6248.7.4.....3.67..8..............3.7.2...2..8.5...5.......6..32.849.4....9.5.,
.3865..9......4.....9....6886...2.3....4.....21.38.9...9.....8438....1....1......,
......2.5.8..6......67......5.3..791....893..........883....5.7.61.5.9...9..7..12,
..1..82.......3..4...6.1....8.1........7..4.6.3..248..645.....2..2....58.1.......,
.1..5.34..3......75....91....1.4.26...35..4..2......3.........6.973........9..7..,
...9.......4.....7....53.2.945..1...8...2.....71.3459.5...........347....3928....,
3....2..8..21.54...51.7........4..61...8.....237........4.....67..6.3...5...2....,
...9...7.14..6.5...57.....89.....6.5..8..6.4..6549...........3...6..7.....1...4.6,
.1...9..74.....2..97...1.5.5......2..41......32.1.7.9....4..6.5....7.943.....3...,
...6..759.....28.68..5..3...97.6...81..9......3615..2.2.........81.....5.7.......,
.2...7.6....4...5..956..24.8..9.3......5....7..7..4...4...3..7........2..6...25..,
.5......3.2.5...7........19...17..3.43.2....87...85....8....9215.............74..,
5.14.6.3.28............1.....2.4..5.......96..1.958......3...4..........356...81.,
.......5......63.9...187.....3.1...7.9.4..........58.....95.....8...1.3...6..3945,
....4.85.3.1...69..8.......6.73........5..1.38..............4....675......4..9.37,
.4...5..2......68......3.5.....2739....5...6.4.....2...6.....27.7.4..5.9.5.8.....,
............74.......9.51.6.79.1.56...4..9.8.1.36...7.....948....1.3...4...5.67..,
..........6..8....1....6..77..3..8..2...4.6...8.1..5345.6..3..884..5.326.7.......,
......3.7.....9.2..17.62.5.....37........1..5....8..16.35.9.2.8.9...35...86......,
......6.1......7.39.....5..4...8........46.151.5..9.....3.1....6.73.5..9.9...41..,
..2..5.8.......6....8....75...3621...93.7...2...5........6.....62....51....7..92.,
.719.....8..........437...8.....9..36..8.41.7.5....8........9..4......5......5736,
4.5.......9.4.3.5..1.2.....9......1.1....8..5.....2...5..6..2.4.2.3.45.6..89...3.,
.9...8....5..1.6.7.4..6..95.....2.61........2...54.7..9...2..5...8..9.2...1.....8,
...8.5.4...7.......4.....9....2...7...5.6.2.8.....74.1...6..5...52..9.1.1.8.7...2,
....7...5.7.6..3..6.9.8..1.8.3...96.1.7......9.........1...6..338...7.2...215....,
2495.....8.....6....3..8....3...649..7.9.5.......3.75....4.2...........356..7...4,
...1...6.......9.5.9..8.1..13.79.45....4.8....6.5....1.7.9.........5..7.....3.846,
24..89.....7..58......4......2.9.4....1..827.7.8....5..3......78......3..75.....9,
37.8.5.......1..5......3..2...1....5.98..........241....5..1.37....4......79....8,
..9...4.....1....8....7631.2.4.8.7.1...7....4....2..8.4...3...7...26.9..3....9.6.,
.1.6....5.3.......6....5...86.3..2.....9..4.8.9...26.32.918...6.4.....1.3........,
.9.8......1.3......4796...5..6...4.......1..3...75.......54.3.7........68.3...5..,
......4..8.....56.63.45.89.5...3.9.........3..8.6.......9.4...51..56...2..6..1...,
2....4..53..1.2.......6.8...8..4.53........1...26534.9......3.....216...4.65.....,
.716.....3................41...5.6.....2.81...87....3.5...3.8.....14...6.....7..2,
89..7.1.243.....5...1.......7.5.3.8..2.........3...2........9272..8...3..5...18..,
1.8.....74..........658.1.....3..5..5.4..6.7......1......9.2.1624...7.5...78....2,
.....2976...8........9.7.....4...832...3........61...4..8....63.2...9..116....2..,
....8.2.3..1..9.8...8...47.896.7...12.39..........2......7.4.....2...194......83.,
..1...7.22..............6....8....3..6...748.7.4..8..541.8.5....236....18..3...7.,
.....6...549.1....76.9.4..1.9..6.....8.1...7.......813....5.439...4.7........3..8,
8.4.....5.365.7..41.............1....4..3..2.....25...2...63.4..8....7.2..51..63.,
.8....9.....75.........8364.9.5.....36.....1.....875.3..9.3.....4....83....47...5,
....4.7.8.4...3.1.7..12.6..1......3....4..2...6....4...21......69.27.....7....8..,
..6.52.4....8.3.2..8..4..7......93.....3.......2.6.9.7....7...6.67.84...9.4..5...,
.....6.1.8...4.3..7...1.....4.3.5......4...9.....9....4...8..731.3....8...5..16..,
..13.....8..25.....9.8...13..........59.2.....78...5...2.7..15.....4..9.4....3..8,
7.8.43...9.....5...4......3.362..9.........5.2.5.79.6.......7..3829.....57......2,
4..........9...6......618........1...4...735...1.4396..6.8.9.7.5.71......8...5..6,
.....69..7...5.6.8...374.5..2...38..95.4..............2.5.....78...3..96..478....,
31...6.....8....4..5.7.8...1.23....5..3....7.54...1.....7..45..8.1...3.....82....,
..6..9....8.6..9.5..5.2.3.4....8.....9.512.....4..6...6.......94.....21....3..65.,
75....8.....9......8....674....5.3.6..........1....5.757.43.1.98..5.9......67...8,
.1..234.5...6.4....5.1...7.739..26..1..3..........7..1....4.....4....5..9.5...2..,
.8..6...71.9...2...6.13.9...7.........49..........3.2.93.....1.....1.7....17.48.6,
....57..94...8...........8...7...9.193.8...47...4.........1...3.1.3..8.27..2..5..,
..683..42...9...3.8...5.9...2..6...........6..497......5....3....8..6.9.3....2.7.,
5.71..6....6.....712.....5.2..........876.5.4.65............7...8.4.9....495...6.,
.......6.69...35......81..2............84.15......56899.51.6.2.......4.5....2....,
3...5....7.149.......1....8.6...1.5...8...64.9....5..3.....8..1...97......6...89.,
......7..53...7..1..2.45...7.5...6...4..9.31......1.7.2......4.....7...64..9....3,
3....8..5.....3......15.9.85.2.6.......8...7..36...........6....93.....125.....93,
.3..6..85....37...47.......9..6..4.....4....6....8..3...1.75.6.6..3........8..579,
.....9...3.....79.1.84..3......1.97..725...84.5...8......937....4..2.........1...,
...329.......5.......8.6.2..6.54....5.3.9.76.29......4....8.53....6.5.92.3.....7.,
6...9587...98.1..252...7.....4.......9......6.......9.....1.58.8..6.4....7.5.86..,
..3....9.51......34..8.....34...5629.....2.8.65......4.3..5...1.....42..8.63.....,
..........45...7...32.5....47.....3...8..4....2.38.....8...61.7...2...4..51.4.8..,
.9...6...3......6..51.......2..9...5..7.64.......129.35....71..2.......9.76..1.3.,
.......1.7.8.....5.9.7.56...864........1.3..6..1.8734....8......14......95.....3.,
..8..1.9....5...873.....6.1....75.........7351..3....96..9...1....1.74....186....,
5.6.1......2....1.9...43...13592......46.5......8......9......5....6.32...8....9.,
.....8...18......5..5...6.12.1.....6.6...79.2....1..7.8....352...6...3....27....9,
1..76...9.64..1......2..4....1............9.6....85.2.........8..59..71.7..6..5.4,
........7...8.6....5..9.......312..63...........7.8.21.......1.17.4...686....92..,
...6..4..13.2.48..2....8....4..5..8......91.565...39.4.......2.5.8.....9....3....,
....21.5.2..9.8.........6.....5..329....69.....81.7...........3..1......586...7..,
.51.9.6..4.....3.5.9.3...18.765.............3...7.6.4.1..43....9...68............,
..6..4.9.......1.7..7...463.8...1.2..2..9.7.13..8.6.........9.2...13.6....4......,
.........37...42..1......9..9....4..........554....37..3.6....7..27.56..75.219...,
2.........49.7.6...1..4.......6..7..8.63...1.1....9....9...3...7.8.....34....12.9,
34..8...5..1....8.........9.5...28..6....9...8..36..1...24..9....5..6..1.....3...,
25..8......1.4.......1....7.7....62...8...1...13..8..4....745...4.51..82..2......,
..89.1...4..........1.28..9.....49.1.25..........923.838.......5...69.3..62......,
.8....6..2.4....7.....87..4..1....6252.3....7.7.....8........4.....532...3.672...,
.2..3.64...........5..2......6.945.7...17.....43..2.9...5....76..7...2......6..31,
.......79......6.363..974..35.7.48......1.3.619.5....4..8.4..........9..9.....5.8,
7.....2.16.19...8......34..83.1.....9.24......7.3....2..7.......1...49.63.......8,
..6.....78..1..9.......5.3........4.9...863..6....3..5.9...........98.5..175....6,
.6..52.....3.1.......7.....6.8.7...3...8..5.7..2.3....5..1.9...83.....6.1...86...,
...4.368.6.......7..7.8.9...........472...8.9.9...43.12483.......6.......1..9....,
4.........37...641..56......7...1.98....8....3.97..4...4..96...8..1...79.13......,
..46..8.1.8615.72.......4.....7.32......6........82....6..4.1...2.8..37.4.13.....,
8.92......5...4.1..4...197...85...........2....5....8...3.78..17..........1..3.54,
19.....68....6.2........1..8....5.4......16.7.6..49....8.2.75..65.8...1..2.......,
2...1.7...8.7...2...5......6..247........5..8...........79.41..4.6..8.....1.2...9,
....8.27...........16.59........4.6.8.....9.5.5.1.....469...7..7....1......6.....,
..9.7.1.....21...55....93...21.9.4..8.........3...2..8.827.....1...8......53....4,
..28.17...4....9..3......5...1.9.4.....3....98..7.....7....3..858....1.7......2.3,
....6....6...5.3...4........8....2.7.7.4.2.6..24..8..173.21.6....57...12.........,
....1.3....3....76.......256..172....5.8.........5.9.1...2...3..2.9..5.......6.82,
3.4..86..6..4..72...2.19.3.4732.......93.......186.........28.1......3.......6...,
...65489..6...81....9.17..3..8.6.5.7.......1.67..43....95.8.....8....3....3......,
.........7.......9943..7.8..27.86.5....5.....8....4.....9.75...5....8.32.624.....,
..57.2.6.8.....9...2...18..4...2.5....91.6...2....9...971..4.......5.......9....8,
.6.8...3...9....6..........4..93.1.272.6.....9..47.8...4.1.8.9.2...9...4......6.3,
.....5..47...1...38..3...7.37....5...8.24....2.......9...92..5.9..5..1.7..3.7....,
7..2...58.........8.....27....3.2....3567...46..5..3.........9.9..7.85.2..4..9..6,
..6....9..1.6..7.4..7..53...........3249....6..9.1.54...1...9...4......2....2..3.,
...89.....4.63......5...3........4.36.....1.9..938..7..56...7..8.......59.7.....4,
........8....13.....19.....8.....6...3.4.....2.98.6.3..4..5..2.51.....639.8...4.1,
.87..3...4..65..87...9...3...3.6...8.....5.6.........367......45.4.3.........2.9.,
.163.94.8....84..1.....5.3....6.8.....4..189.........7..5.....9..39.658..41..3...,
....5...4...26.......7.....4.7.9.65..5..1.7..2.9..74..8.5.4.2.7...1..8.66..8.....,
9..2...6..7..459.8.4.97......25.7......4...3.6.7......3.4..6..........5.7.8.2....,
...........6....45..1...3..1...47....3891.......3.5.7..1....9...75..4..8.....346.,
1..52....54..1.........6...6..4..32...52......1..8.....3.64...58.....6.1.7.....3.,
.2...918.95..812....43.7...4.1...5..5.........8......7...2...3.1...7...87...9..5.,
..139.5.7.6..7.19...8.....29.2......67......1......32.1...6........12.......83..6,
......85.7.3...........4..68.....4.......597.4......28.9.7..26..7..42...32.9....4,
.4........9.3.642....5.9....13.7.96.6....57...5....3..9.1..2...42.9.3.....6......,
.2.1.......52...7.4....7.3.93..5...27..36.59.......76....9.5....5.4.3...........1,
96..8....8.4.......31..........92..35..4..2.9...83..1.358.............62..91..83.,
2.....4...872....9....46.3...8..9.6....62....97..34.......6..9...2....7...598....,
1...9....6..581......6....5...2.........798.238....6.7.5..2..1...79.5..3........6,
.1....7......1..5.674......2.....4.5....2.9...93...6....6..5..4.5.4.92.13.......7,
.6..83..51.8.............6......24..5...3..964......18.2...9...39.65.......4.8..9,
8..6..1.....7.......9.1.2..18...36..6.51...9...3....8.5....9....9...5.7.7..2.....,
...82.561.3..6...8...1..9..32.......1....64.3..8..52.........9..69...3.2...9..8..,
.92....76..15..23.56...7.....6......25.....9.1.....4..6..........3..1..4.2.35..19,
...2......36.8.9......47.....26....5..37..2.8....9..6.8....9.3....825........3..4,
.....75.6.......8....6...97.2.9.8.6.9..1....31...729.......3...36..291.....7.16.5,
4..69...88..2..7.........9.......2..5...1...46..874..1..6........4....1....7514.2,
.4.........25.7..3......5...1....4...7..3...65..68..3.7....134.2....8..5.8.....67,
..5..7.....6.5..28..3...6.....48.97..5......4....6.8..7.......2..27...96.3..48...,
.1.......2.86........9.4.1..........356.1..2.1..5.6......152...64.8..........9.58,
58.......72....3.9..9.....1.....8.349.83.7.........1...3..7....2..1..7.......2.53,
4.67....2....8..41..8.49.......6...56....2.17.......9......8.7..1..745..2..5.1..4,
6..5......8..6.....2.....51.5...9........32...918...4..38..15..........2.143....8,
..189.7...2.1...3....4..15..7.........23.....9.32.......9.2...4.87..4....5...1.28,
..1.6.37..2.5.........2..4....1.329..7.....6.......1.3.65.....4...6..5..9..71..2.,
...3..9......1..6.......2.7.1.9...4..72...319..5......6...974..1..24.57....56....,
........97....83.289..31......9..1.8.....2.74..3........751.8..3..7...5.......42.,
1.8.6....6....4.9......9.3.51.........9.48.....4.95.1...17......3.....4.......7.5,
..7.35.4.3...47185..49...........9.......12.75.3.7...8..9..............378..9....,
.4.7....8.9..3..1..158..4.3..1.8..9.........5.....1..23......842..57.............,
..96....5.8........45.8....96....7.44.85.79.6........2..2..6.7.1...984.......1.6.,
..21.75..97.25...45......1.....3.4.....5...67.6742...5.........4.......1.....3...,
6.2.9..8..9.56....5..2.8....28....9..7....13.1.6...........6...7..8.1.2..1..3.9..,
.3....8..14.2..9.77.2..8.6..6..4...9....9...1.....36....63....24....9..63......7.,
84...69...........162...........1..6.7...954..95.4.8..7..164.......2.7...24....8.,
.1....9.....7...1.725.........35......26..8...9317.52............9.8.231...9.7...,
5.2.7..8.64......78...61.2...6..5.......28.........2.9179..4.58....8..9.......7.1,
...........3.........8.65........371.819...5..6.........9..1..67...4..8..54.7...9,
......9..78.9....22..6.......1..9.....478..255..4....845.......6.782..54..8......,
...6.2.17.1...8.26.......4.58............3.81261......34...6....27.413...........,
.4.....5.5.....97..3.67.1....41...9...15.76..79................9.5...86..16..85..,
....4523....7.2..4.4......75..1.37....1...6.2....5....23..1..68............82....,
451...........7...7.8.1..9..6...1....29..6...8.429.....15.....46......21....4.56.,
7...1....5..8.........7.81......86....4..15.....49.....9.56...88.5..2.4.61.......,
798..2..3...9....8.....1...28.31......5.....9413..78....4.........439..........72,
32.4...6..4.8..7...5..6..28...68.......23.5..2..5.1...13.....7..7...4.51.......4.,
..9.........38.7...1.4.7..6.6.74...9....3....34.65....75.........6...91..91...65.,
.5..2...37.8....4....6..5....6....5...4837....39..2...69.3.8.....7........59.....,
.837...9.......38.1.......6...3..721...129........8....7.965.3.9....26...3....8..,
.9.35..84...8.7..5.3..24..1.7.2.......3......81......33......9.9415...7...7......,
9............3.....5...8...8..5.9....672.....49....6.....34.5.72.....93.74...28.6,
..1...52..3...8....4....9..82.35...1..4.......5....26........3.....6.8.46...19...,
.....24...8.7........95.......1...4....8..26.2.6...15...2...9...9.2.4..7..4.9..8.,
...37..62.37.1.5.......9.............6..35..1..96.....2...6..3...5....8..73..19..,
.4...81..2.......7.3..9..2.9.......3.....15....7....42...1...9.......23....874...,
..4.9.835.1....4...8..63.19.....7...5......9...7.8....1..5...8....9.83...6.......,
...6.5.9.7.4......9......183.1968................41...1.9.7.....7...9..64.8.3...5,
25.7..19....9....8....15.7.1....8....7.53.....4......2....73..4.......2..8..529.1,
14....9.282.............71..7.........4.396..29.4......8..76.......4.3..6..2.8...,
.46...972.1...7.6.........1...8.1439.....68.7...2.......2....4..63.........128...,
5.69......94.86..18.....5...31..4......2.9..4...63.2......9........5..89...4.1...,
..13....738........76..2.4.........42..........34..8....8.3.1.....57.2..6...1..83,
92...3.....6.4.....3..6.........1..8..2..89.4....7..1...3...4.14..7...2.86.....73,
.739.2..8.8..4........7.64...7...9....5.....2...3.....94...635..5..8..9...2.....6,
.6.195.........6....3...7..3.........17...4...9..3..8..5.9....7..6.5...49..78..1.,
4...9.6.....1..8..859.4.........5......9.852.6..2......9.6...1.56....28.24.....7.,
....4..5..........1.823..7..4..7...95..3.21...73.9.2....4.............2...7..83..,
2..96.....1.....9...715...2.2.....6..7...31.8......3..69.....1.78......9..15..6..,
7..34...54.2.6.....382.....2....65.7..5..2...61.......54....3....6......3.1.7.42.,
9.......551..829.4..41...23.72.4....3..8..7.2..97...8......4........8..........41,
...9.4...19.76......6....9..35....6....8...7....35....6...3...59.4......85..1...6,
......2....6.4..5831.85...4.4.56.8.3...1....6.......4.......495.8.4...12.....9...,
.6.5.2..7.4.......2...6...5.5...9....3.85.2..9.6.2....5...........7.8...7..3...48,
...91...8....5.9..3.1..8....8...57.9.2......1.7.6...2.7......655..2..8.........93,
..........72...9.....642..861....8.9...9.....89..5..2....2671.........5....48.7.2,
4..2.1.........1..3....7.8..93.1.......3.2....7.4..69.83.......7...8..3...1...7..,
1..9..52.....7..........1345...6....94....71......8...39...4.75..158.9.....3.....,
..6..7.9..9..1....4.5.83..1......45.6.81...............437....5.....8...8...3576.,
.......69..65..8.2.....24..4.8....165...9.7..9.......8.....7..5..2..8.....76.1...,
..9.267...12..53.9..7.9.5..9.......37.......2..5..7...............6.1..5..8752.61,
.........28.....5....4..16271..63.8.5......7.82...1...............1.7...3.6.52..7,
.36.9.1...4...12...7..5...4.6...3.1..9....5..257.1.3............2..36......974...,
.523........5.6........431...8.......2.18..7.7.46..5.34.5..26..........7..6......,
......634........8.....81....7..3....4.1.6.7.63..4..81.72.9......37.1.4.4.8...7..,
.5.......7.4.2.3..6...5...7..351....2......1..7..36.......426...1.3.75.2.8.......,
9...8.....4.1567.2......6..5..91..8....6..9.77...........72..59...5.4..6......1..,
1.......9.84.5.72.....4.....9...4.7.4.25.3.8...1..82.35........8....5......12....,
...........91...686......2....74.98......1..4..4.92651.76.29....1...8....8...6...,
.2.51...9..82....17...8..648........517....9........1...5..2..7.4675.82....1.....,
2..........3...276.4......1.1..2.6........1.9367.....2.963..7...246.9..31....5...,
...1.2....57.89..3..8.5..1..63........25......7......87..3......2.....5.63927....,
812..5............73.81......512...4....4.9.......87..5..47.2..3........27..9..3.,
...3.6...2.9.1....4.......7.47..3...........93..2...16.8...9.2.73..8....6.47.2...,
.8..2.53..6......14......6717..5...8..218..7.8....73.4.2.6...4....8.....3......5.,
.........8...6...9...87..1448...2...6........79.413.2..1..27..........31....8...6,
47.8..5...2.....4....95.....19..5....57.4............3....2...1.8.13.....93...7..,
8...2.....9..43...4.2.97..3........6......7.8..9...3..26.1.......1.3.9.......418.,
1.4...7.6.................4...4.32...6.1....8.2.7...9...168....98.3.7..27..2..4..,
.1......8.......5.87.29.......5..14..95..1..738...2.9..3......9....74.8...7......,
.28..4..5....5.92..7.9..4.....2...6.....3....5.3....4...6.2.8.....468.5..3...9...,
.........16849..7.3.9....6.7...6.48.......691.......3....57.3...5..8...789.1.....,
....9..1....21.......7..2....9.......31.78.9.587.2.....2.4..1..7.5.3.9....3.8..57,
.69.3.7.....7......5..9..2154...2.......4.6...........1.....56..26.7..94.....9.12,
2913.5....4...7...........1.......3......1.....3752.....7.....81.9...5..3.41.9.27,
.....4596.7..5...3..9....7..5....9..9......2..3......4....3..48.2.7.....78.5..3..,
...2..81........42..21..3.92.9.83....4...5...13...4.8.9.6...1.8.....9.5..........,
....8....42...6.3..95.............2..48.........2.7.6..5..2.3.6...54..7..74.9.2..,
....637..624.....5..........7863...4.9..2.8......7.3...8...9..2..2...4...3.......,
9....3...7..4....9.....5246..9...............571..9..46...2...53.2.14.9..5.7.....,
....8..1...4...25...15.96........8962....4..............7.92...4...67..11.8...92.,
17..........51...6.69..23.5...42.........7...54.9.3....27.3....3.6...5.....2.4...,
..9...2..7.3..15...415....3.......9..7...8.........4..8...4.31..1.2.......49.3.72,
.8..2.56.96......7..5.......2.8....65......9.674...2...9....3.....9...5.7....6.24,
..15...........19.8.7.9...5...1..648....3...7.6.....1.......95.5.97....4..8.....3,
.......2.976..8...4..9...1...4.9.23...9.4.....3.2.1.8.29.6.....6..482.....87.....,
4....5.7.593....8..6...2.......56.....8.......5.74..........9...32.9.5.6.7.2.....,
..5..9..8...1.......486713......5....9..3............95.79...8.8..6...5..13....97,
9...1...6.5...94.......7..17.9..2.6..........1...4...9.6.59.....95....8.2.8.7...4,
.....7..82..9......6..2.51......1....9.6.......72....54...8.........4.86.5..1.2.7,
...35.8.74..27.1....3.4..92.4.8.5.7..8....5....1......7..92..3.............7.4...,
.95.3.47..6.52..39....4.5......6.............834.......5..8..6.3..6..2.762.45...3,
9..8.....3...69....18..5....5.12..6313.6....2.....3....795...........68.5..2.....,
1....75........31..........2..56...87.9.3...25.1...6........8.....8.69....315.2..,
..9....4.8...2..6...39.87...3..1.....76..24.19.2.6......7...8..........2...8..9..,
35.....9.8.......1...1..5.6.........5.28...1.9786.....1...96.25.3..2..8.....8.9..,
..198..4.5.....3..........5.7......99....8.2.8.2..14..48...72....53.2....1..5....,
.....2..7...76...14..18.......2.......3...7...1.4....3.3.8.1..6..764..5.6.2.3..1.,
24...8.7.....7...483..1.2.........63.........6..34.1.741.....523...8.4.6.......8.,
..7....4.....6......63..8.7.2.68..1..38.24..91...9..........2....29...6..7....3.8,
53.2....9.....6..8..2..8.4.1.56....3.9...14..48....51.9...............8..54.1..3.,
.....45...4...32..28..1..3.317.4....8...3...7...6........5......56.8.7.21.3..685.,
693...54..........4..3.....9....6.7..4.5..21.7....1..4...92.3.6.....5.9....6.7..2,
3............1.583.48.....6..1.8..9..94..12......5....1.9.6.4.5..68..12..........,
9........53.7...49.6....2.......1.65..5..2..1...4.632.29...36...71..............4,
..6.8.1...48.3...6..95....2..4..12...8......1.956....3...8........4..5....3....9.,
457.........3.4.1....5...8..321.....548.........9.........2....2....95.7.....13.4,
4..3..8.....61......6..4.9.......4......9..1839.2........9...6..28.67....4....2..,
5.8.4.7.2......8.............46.....73...9...86..73.2...9....8.....2...9..28..375,
......7.......42.......164.63.8.....8..1....24..6.5.1.3...5....716..38.4..2.....6,
....7.16......6.2..1...8.....985........1.4.....69..5.7.5...9.6.4.....15.8..4.2..,
....98..2.8.51.....1.....93....82.57...3.....5.417.23......4..5......48.....5.9.1,
.......1.........4..6..179.25..671....18..2.9.......6.59.7.....8....2.7.1...954.6,
.7..5....5.3.......8.1.2...7..61...4..6..572..1.3..8..1...4.5......7...2.3.......,
6...5......53.4....32.8.7.....5.68.9...8..5.3.....3...4.....3.....9...265.7...9..,
.5..2..4...95..2......4.39.......5.....179......4.8....9.3...2...1.8.4..32.7..8.1,
.8.1...46...5....3.3.69421.2...3.19.....5..6441.......6......2...3...........9...,
.2...93.73.1....5.7....4....84.52...59..7.2.8........9....28......715....1.......,
4.15.7.....2..6.3..5..2........8..........54..4......16....43..3....51.82..6...74,
.6.5..1.8.1......48..9.....791.4...6.2..7.......8..2....5....1..7.....4.2.9...67.,
3.....1....47.2.39.5...3..8.....58...8..2...3...1.79..1.9...7.....45.............,
........3......67.9...31.5....3..7.4.3.67...151.......1..79...5...1..3.......29..,
..2..364.7..28.13.....4...2..........29...41684.....7...........7...69..91.....68,
......85..4...7..93...84.7..6....9.8.....9.......35...6...5.7.....2...9...89..345,
6.14.2.8.4..1.7.39.7..........6....3.....3.7...7.9.1....6721......9.8..4.2.......,
.12.......4.53...73..7...46........216...4.8..2..75......8...73.5.4.......6....1.,
6..2.........1..23.9..5......913...6...792.31.3....2...6............5....713.4.59,
..92..6.....7...8..65.4............7...15..2.92.4.........6....68...79...4...8.7.,
...39...2......57.813...94..........97..5...118....72.4.........98...4..2..53....,
...5....9....7.....7..........2....5..164..87..4.8..9..9....14.2..79.5..5....4..8,
.9.6.5.8......82....89....7..5......8..1...........416...49.6..7.......9.56..7..1,
...8..5..76......8..1..9..6473.9...............9.1.87....5..6.3............7.6145,
.......9.4..81.6.2....7.5.1...26178....4............14.27..8..9......2...15..7...,
76.9..2.3....6..545...13.79.9..3..4.................2.6.7..9.3...1..7.92.2...4..1,
.2..6..15.1..4...2.74....86....78......4..2...8.5........1..7.4..1.9....5..7....1,
...91.63.2.758...99....3..887.2.19..32.8..7...1....8...8..3..6....1...........3..,
...8.94..9.6471.3..........8.2..4.....7....6.....32....8.2.71......1.8431...4..2.,
.5...4623....7.....6...34...78.2.94.49.8..3...............8....3..............576,
.....5.9..8.1.........27..6.963...5...2.5..8183............3...3.8.96.2...12.....,
3..16...9..6.....3..7..9.1.....8.2...5..2..9..6..........5..1....8.1.327...2....6,
....1639....7...2.36.52...7...4...31.5....7..79.......5...67...........3..1.342..,
38...5..7.1.2....3....8.5.1..2..4.............39.7.....7..4.93..4.82...58.....4.2,
...1....6......3.8.3...7.25...6.5.1......18.....2.86.73624..5..4.7.......51.....4,
.......8.2.6.7.1.....4.....6..5...7...4.9...2....214.5...2...6.8..7..9.4.1...4...,
.....1.3....23867..7..........714......8.61....6........5.....4.683..7..2..6458..,
..6....9.5.3.7..4..27...8.53..2.4.......6.......3.5...4..9.2............2.5..34.7,
....97..........4.9..23......9.8..1..5..2..94...5..7..8........79...4.5...49.1.3.,
95..23.64..1...2......4...9...8.........9..2.2...56.38...6.....6...34.9...9.8.35.,
....3...1.64...7.8....9..6.....1....7.5..3...8.14...3.5...6.3.4...8..9.7.4.......,
5....2...6.71......1...9...7.95..1...5..2...92.19.83.............28.3.178.6....3.,
7.6.15....43.......5.4.9....7..5...4.....6.97....2.163..2..7....6....4.95.......1,
...6134.9..4....6.......7..24.13.......7..15....9.5...6.7...2........973..1.4....,
7........6...1.2..5..2...4..824.13....68....1.5.7....4...3.6..7...1...8......4.5.,
.....8..4.......8.29..7....9..8.7..1.75......1.....46.5......2.4..16..7...7.59...,
..256...81.6..7..93.....5....9......2..71.9...75.2.....6.87....5..6.....8....5.2.,
........9....3..614.......79.6...5.4.549.....3..6.....6..1....8.3..9......98.741.,
7.....2.....45....4.5.69..8.....48..63...249.27..8....9.23...6............6.....9,
..........58.21......935...4.......223..5..68..6..9..1..48.25...6...3.4....1.....,
.1..........9.....38..6....7....8.59....5...6.65...8..92..3..8.6..1..23.....7.1.5,
...7.4..386..9.......68..9..83..7....47..65......2....79..58....3.....6......94..,
1....4.6.3.8..6.....21.73.8..9.....4..4....2.86.......2...93647........9......8..,
4..8.2...2.9.7...8.....6.5.9..5..7....76.8..9.2.4....5.6....21....2.....71.......,
..4.3......7.....1.925..3...5....9.....8175..34...5..8............3...9....49...2,
4...9...........9....1.5.863.1...............28....41.1.5.2..69.9.6...31..23..8..,
9............12.........57661..9..5...5...7..329.57.6....4....7...97..41.....6.2.,
.5..4..1...2...6..7.....9..6.....14..9....7..3..1....2...5...6..49.......2..1.5.7,
..2.4.83.3.1.8..9..9...3.61...7.9.1..7.4.....1.......99....8....48.....2.........,
..195.8............9.2.1.6.9.83.2............265...4..5...3.........462...38.9...,
1..........9.4.17..4.3.1...9........5..4.29....4.58..3...5....2.23.74..5..1......,
3...5......5.6.2........9.8.2..3.8.5..........48.2.67..3497..6227...............4,
..5...7.19........647...9.....6.....5643......7..49..3..245....3..9.2.5....17.2..,
8.3....6..1..4...94...63...382............928...7........1..3.47.1...2..2....98.6,
.67.........94....5....16..8..59..1....1..95......7....3..........3..4.89..45.17.,
.8.2.4.7........8.9..5..4...38...957.1......4592.4.....5....7.....81.5..1......28,
.475.1...5...3.....19.4....13.........695..3...5...........21.776...4.5.......4.9,
9.63.2.7..7.8..93.........1.....6.1...2.3.6.......13.8.1...4793......2.....978...,
.......345.3.8.1.....4...56..6.312.82....894..8.........8.2...3.........6...5....,
718...9.........75...3.....1..2.3....5.....3.2.716.....2.8........952..13.......7,
7.3...2...4.2.......24.97..5.9374........8...37.9..8......4.........3..2697.5...8,
27.....16.............5.78..26..81..8.5..3.2.4...7.....1.......6......383..2.7...,
67...48.......86......95..4....5.2812.......9..7.69.....4......8..1..9.......6...,
......9.491.56...72....4.8...1......6.8..97..74.....2..6....8......7..9..5.2...6.,
....8..4.3.2.7..1.74.......47.....3..9....1....326...9...1..8.79.......3.6.......,
.2..8.....7.25...9581..72...9.625...2.6.1......57...........1....4.9..5.8....6.2.,
...5..7.....3..524........845...1....78..4....93...2.....25937....4..8.....7....9,
29.....687.4....2.3....47..............3...7952........73..8..2...54..86..6..9...,
..87..3.....3...6.1.9.86....6.492....92..1.368.7..3..............3....4...4...78.,
....4...583....97....8..3..9.73.245.....542......7..6.4....7.8..65..........36...,
.........4..6925.....548...7.2..4..3.4....6..8...7.4.....9.586...6....9.....3..4.,
.84..95...9.1...2...73..98..1......24..............3.557.2.3.1..3.7........9.18..,
..2..43..9...5....8..9.64.75...4..73...7..2.6.8.......................853..8..9.4,
2...8.......34285.1......7.......9..97...4.......3.2....2.....8.5.1.93...1...3.4.,
.........7...1.....2...985.98.....4..1.8.....4...2..6....65.4.1...1...75..6.7.92.,
.25..8...1.6..4.........92.28...........47....916...45..2....6..5.....1.41...98..,
.5.4......6..75..9..2.91.....59..6.41...4...7..4..289....7........21...69....6...,
..7.......1..34.2....8.2.9.................15.9.48.3...531.987..2.54.1...81..7...,
51.....49..875...3..4......6....9.....3........1.....63...9..158....14....5..63.8,
...7.13..2...4.........9..4.7.2.8........4....296..........6....1....72.4371..9.8,
58......673....958........3......8.........9..6.8.71.437..68....54..3....9.4....5,
.925...8...8.2...6.....4...6.......9..9.4.5...148.5........2......16...3.4.9.8...,
...........5.71.9.2...86.47.6......9....2.4....7.4...26..5..8....9..7........4.1.,
8...21....6......4..4.7.8.5...14..7.....82......7.5...7..8..2.6....9....4.125...9,
.8.7...422..3..1..9............5..1.3.9.87....549.......71...........4.8.....39..,
..93.4.....4.1...63..7....1.2.....4...6..17.3.9..5.1..56....3....2......43.2.....,
.9.8...726.2.....8......931..5.913..2...5.8..9..7..........3...51...2....2...6.1.,
.........7.....19..5...14.2...9.......56.29.78..1...6.6..29.74.....4..58.....7...,
...3....7......813..5...2....1..578..72....96..6...3....7.....19....65.....29..6.,
1.4.7...8.......9........51..6.........8..4.57.9....6..6.9.5....5....31..7..16...,
...3.5..8.5..7......98....65....8..7....1.3..18...3....1.6.....23..91...6.....2..,
...527..9....492.....8......783......9..54...5....1.....39..7.4.2.......98....5.3,
6.1.3.9..37..9.1.8.8...7.569.7.54..1.53..8...............5....754........36......,
78.6.5....3......151...7...9...5...4....78....64.......5.8....66.7...1.......39..,
....284.....3..5..7..5.49...7.4.....8.4..9...6......2..65..37.8...65......97.2...,
.......5..6.4....2...2..18..14.3.....5....9..3.9..62..........38..1.56.......9..1,
.....814..6........8...159....6.9....7...592.2..1..8...185.....6.29...8.94....21.,
7.....9.........7..5.7..2...8..2.......185.2....6......3...98...2..6.5.99.6..73..,
1......7.83.....4....1.26.8.......57.8..2.....75..631.4.28..5.3.......84......7..,
.....94..4.27...6.591..2..7.6.9..81....6....9...25..4.7......981..........98..6..,
.....2..1.37.4..2...436....4..92........1....2.6....5..6..73.....5....9.7.14.....,
..8..1....1.....7.5..82.....46.3..........2....35..7..18.35......4.1.......2.7.16,
....7....673.84.5.98....6.4.......1.3...5.89.......3....1.47..38...15.4.......9..,
.6.5...2352..6.8.7..8.3.4...9..............7..5....6.9...6.8..4..692....2..45....,
..5.........4983...8...2.....2..........8...7.3.1....614.5....2..3.6..1.9..8..46.,
...5....2.1....56.......91.2.1.......4...3...5.3...4.9.6.3.4.....962..4..8....1..,
...3...973.6.......9.2..4.....1.......4.57...5.3.....1....12.4.....6..25..74...63,
9.3.82........98...1........3..5..8.5.463..9....9.1.....8.6...5.6.8.314.....4....,
6......2..45.6...939.....75...........4..3.98..65.7..4...4......2.....4....89.3..,
.45..87.9...69.8.......7.....1...3.5...186....7....9...58..14........15.....4...7,
....53............81........7.8....9..5..76..281..9.7.3.6....18.......27..2..19.3,
.95.7..26.....25......1.....2.146....3...51...6.3..2..9.....75....4....9....69...,
...4.1.2.718..2....2.73.5....7..4.5.6........14..6..........7.....645.....5..7.83,
4..1.....57......8.93.5.....1.....3......8..9..471.....3...681.....796....7....9.,
....12...4.59......96....8..1...5..85..7..14.7....9.5..4..9.7.............94.1.2.,
..3....6.6.5....21....14.5.8.........9..3......6.2.....3.5...9..143.98......8...2,
...2.......5.....743...76....69..3...94..1.5...1....42.........6....3475.2....1.3,
....892.1.1..6...9....735..73.2..9....26............6.2.......8.89...13.5........,
.....2....56.13..293.7.6.......5...3.....4..654..9.....6...97...........17.....5.,
6...4.....2...7...71.2...3.4...73....5.6..4.1.8...4.....8..6......3..26.......87.,
.64.7.8...3.1.5...5.............4.8.....3..564...871..3.8.6...49..3.....6....1...,
....1...96....4....476.92..4.2.6..5.1.....7...5..3.....6..7......5....3...1.2...5,
....1.4.3.......9.9..6...8.1.....95......7.....6..8..43...4...7...875.6..9..31...,
1..4....7..3.......5.8..94.......5...7.6.4....18..9....8.7.169......3...7.6.....3,
7.........3.975...9....45..54.7.9.3.....634.5.......9.46..1....8.75......5.648...,
....61.7.....7...5.........8.5.9716...7......2.....9.....3...9..61..5.2..92....83,
1....4....65...9.......2.3.3..1......4.8......9......58..2...6....4..3.925..1.8..,
..35.9........86.72..3....569.......7....1....287.3..685.....1....6.........25...,
5.4.....2.186...4.....7..1..42.....8..61.8...7....25..6..49..............27......,
.......34......9...3..4..18...7.9.5.5...18....1.2.43..2.9.7.1..7.49...2.......5..,
....837.9....65.317....1...3..........1.9..65.........5..4....6..6..7....9..3.47.,
..2..6.5997.......4.52.9.16...8.2.........4..7.....5.15.......8...9.5.422..1.8...,
......4931....4......3.2.1....1....6.8.4..5..2...56..434...58........365.1.8.....,
...2....4..5...139...8....78....2.5.7.....2.3.5...7...91....87.........13..5.4...,
...2..714.....83..5..74.2...5.86..2.......4....4.2..87....5...6.1.4........176.4.,
.9....1..8.5.94..7..71.5...2..7.......193.4...49.1..7...4.....158...........7..2.,
47....2.51..8...468.9.4.1..91.478......6...7.5..........25........7.2.5......9...,
..6.85..22.9.6..4..5...4.6.......93.4...3.......8.......149.8..5......2......61.9,
..........12...6.3...87....75..............98.98.3.2.65.....9...7.3...1.62..5.8.7,
....3.6...2....18...1..297...4.2.7..7...6.8.1..9.....64761......3......8......4..,
571....8...........2...5..4....831..8..51...7....2...86.....7.27..3....6.3.7..41.,
5......3....19........3581..9.....5......8.......5.623.19....8..573....22.36.71..,
.....24....38..61.2.91.6..8..6....3....9..7......21...471...8.....4....13........,
..9.16.4..2...9..6...2.4.....643......3.7......16.....6.78...31.8....6.2.......9.,
47.........5.......628...15....7..3.2..4......3....264....821..14...637...3.....8,
..4..6......5..1...23..4.7...68.7..11.....78...8...32.4.......26...4.....5..21...,
..97........51..92....86.7.6...7...5.......475..4..2...178.......52.........9..6.,
8.2..7..3..5498..2..932..5..........1.4........3.....75..9......4..1.7..9..2..1.5,
..2..5.4....9......4.3...581....3..4.......2...9...7.....834....35.72.....71.....,
...7...9.....3..1...16..3.5..6314......9.563.7...6.1.....4.7..9.72....4....52....,
..9..81..2..9......386.495..........5....68..9.2...431....4........823...5.....2.,
..49..1.6.....7..85.8.4.9.........7...7..3584.5..........7..4.9.6..34........8...,
....5..2..6.7..148..8..1.......2541.......6....1.......7.2..8.1.2.........649..72,
.27.....3.3..6....1.54..92...6.5.4....1...3...4......24...7.....735.4.1........9.,
71.23....94...6..73.2....5..6.1.............9.2....3.51...2..7..57..491.........2,
1.7...9...3......245....7.39..58.4.7....2..9....34.1..81......4..5......2..4..3..,
.23..458.4..9...2....8...3..72.........5.....1...9......1..3....3.12.87.9...8....,
...9..53.28.3.5..19......8..3.2..9..52...86..1..65...8.........6......25....7....,
..2..39.6.7.28..5.53.....8....72.5...............6..2..5.8.6.9..29.3...58...9.43.,
.1...4.29.5..7.41...6.1......7.....3........7..9...2...34.92.7..6...39.5.9...6...,
.....36.7....5.....9..1......1.479.6.4.19.....2.....7.3....45.9........1.7.52.46.,
..6.2....9..34.....5...1.3412.......6.5.3.9..........7.......6...4..3.9.37.19...2,
.........2..81...9.......8753..9.6..7.9.23..8..657...1..8.....5..79....6....5..1.,
..4...2.56...2....1......8.......64885...2193..........6...3......198..24.9....3.,
27.6..9.4...5.....1.5..278..14.7.8.......9....5.4.....4987.1.................4..6,
2...7...95.9.6....1....5..6....9.17.7.....548..4.1...2.....2.1..7.....2.......6..,
...8..3..6.....5.897...1.46.8...6..7.17....8.46...7.59....9.7.4...64..........9..,
.....5.....7.2...6..........3...6..2...4...8..9.3...7..8.....9.2..87.4.34.6.5.8..,
..6.482..3...9...5..1..56...9.....1..25..9.....3.6..8......1..38...........5...4.,
...274......8..2..6........5...........48..7.....32..6..1....85.27.1..34..5..6..7,
....1.7...67..4.925..9.6.........31.....9..6...3...9.....3.2...1.....47.....4.6..,
..7....16.....7.....64....2......5..9....8.67.82.5......49..12..18.....96..8.5..4,
....6...7..5.....2.2.3..8..26.74.3....1..3.6..8.2...1........2..4......5...47....,
5...6...3.6.9...75......9.......76....1...5..4....5.31.....8......7..34.7..346.9.,
1..23....4.2..58...53..8..6....6............3.6....5....1........8.7.412.3...4.7.,
.2.1....84..69....5........2.4...91.......453..........5..3.1.....94.3....12.8...,
...38........71..4..9..53.1........223.5...7.1.8..3...4..9..8......4...7...7..9.3,
.1.....94..5.416....79..3.......9...5.....91..917.6...6.....437.......8..4...5..6,
3...7...5.87.......5.9.......9......4.86.7....654...3...631.7..1....5....4...6..9,
6782...13.1..3..9.......6..9.........4.....7.1.....98.....47.36...8.1.2..8.9....7,
.....52...2.41.....5.2.87....7...49.2.......7..9..7.834.....9.....54......59..3.8,
.573.....68.......2...89......2..9......452.654..7......6.2......8....3749.......,
..3....177.91....2.6......4............9....33.6....2......3...4..76.1.595142.3..,
........9..95..3.1.....8..7.4..378..1.895...33..6.........416.....76..9.8........,
.....7...7.4.......8.....5........2....21.79..7..48..6.5..94.7...9.2.41.1........,
6....4....9.2....6..7.9.3..739...8.......2...8.....91.......6.1..4......1623...4.,
.7..2.1.6..4..9.28....61..33........8.7....3..2........8.3..794..9....6.76...2...,
...3.7....6.51...8....6.34.....5.4.7..1....938.9...1.5...73..54..........9.68....,
.85.....121.....57......4....4.........3.21...7...1.....3.2...8..1..8..5.2..6..7.,
....56.....2.981....6.147.9197.......65....7.8...............5.581....427...8...6,
..2......4.....2..6931...7.91.4.......7....16...87..9..4.7.....8..6...2.....9..4.,
..2.98.4...7.45..245..3...97.8.....56.53...8.......3......2.9...4.....73.........,
..8...7........59...3.2.6...6.4.8..9.......3.4.73.9...2....43.7...2...4..8.79..2.,
.......166.9...7...5....9..8......6.4.2...........1.5...4.8.27.7..49......65.2..4,
.5..8....72......98..7.12..17..3.5.4.....4.2.4.8......29..5....3..47.......9.3...,
8..7..........6.7..1...........57..1.598.......8..4.....7.152..6.5...4.....2..8..,
..49...72.681...9..1...3........7...1.....48......6..1...8...34..7.4...9...7.12..,
.1..5.........8.9.47296...1.........7..12....1.65....4...7.....89..4.71..6.8..4..,
1...5.....9.61...725......9.452..6....1.8....879...2.4....9..56....2.1.....1.....,
4..5....7...7..365....3.4....6...2.3....4......28...74.5..1......3.8.1....76.....,
..........4..5.1..8.7.4.9.........5......7..65.....874..37....1..68.1....8.3..4..,
54.9...7...9...684..3....5...5.91.4.....8.....74..6..3..1.....5.....4.6....1...9.,
.6...9.1.3.1....85.........5....84.9694.15.3...2.......2......4.....389.1.9...5..,
.9..4..567..6....3..35...2.....7...28.9..674...2....8.....3.........8294.....4.3.,
69.....75.25...9........1......6..2.......8.6...7..3....2.7.5.3.5..13.829.72.....,
.1...954...6....1....3.26...5..4..7.......9.1..7.......9.237..6.....5....75..4.3.,
......3.6.....7...9....5.12..8.......7.2.8..31.....68..6.5...21.2..6....35.9.1...,
...5.4...6......3.7..9..52.5.......7..1.423...34.7.2....91.........6.9........7.5,
...8974.....1....85...4....1.....7..3.42...5..7..58....1.93..........2.......41.9,
.3.2...8.6......53..73............31..2.87.........74.2..8.5.6......617.8.4..1...,
8..........6.5..7297..6...5.6....217.3...18.9..8...5...85.7.1.6..1.29............,
8..52..6......3...37.86...54.2...6.1.....2.....3617...7..1....3....36......4.....,
..2.54..7......2.....38.6..26...3...5..9....348...5.2....8..........7...85...9734,
....482..8.4.....5.123........68.517.....28.6.....5..33................1..8..7.64,
..3.....71....8......2.3...9.1.......278..43..3.6...9....4.2....9....7..7.2.6.1.8,
...75..........2..5........4.6.8.....29.3.8.6....96..4....4..5...38.97...8...5..2,
...1..46..................2.4..312..3.....5....2....364.352.1....74......6...8..3,
..3.........52.38.8.5..1..4...9...........8.1..9..4....2...8.1.6...5.2....8..6.4.,
..3...8.185.7..9..2......4..4.31...9...4.7.5.7..5.91....2....38............1....2,
..2....1.86.........4..8..62.8..4.....7....2........7..362..7..5..7.3..1....856.3,
...23...1....49......5..9.872....49..85..4.3.9.3.7..1.....5.......1.7.....8..3..2,
...6...........4.17......6..3........1.746...67492.........21..29.4..3.5..5.1..26,
...75.........1.2..7.8....6.6..827.....6..81..1.4...5...1....6......3..483....2..,
...7.21........9.3....46.7..36.....2....73..6.1.5......91..5.3.........7.54......,
..2.8..6...9......7...3.1..8....2..7......35...1.....9.9...57.2..3.7...5.8.....3.,
..8....1........89.2.41....98..2.5......537...4.7.......2...89..5...9..27......3.,
.3...8....6.735.4.7............97..8..34.2.6...438.......6.45........98.....5..73,
.13...725.........57.....41..7.58..2..5...1...2814..6..........2...7.4.6......378,
.425.897..7...235.85.13.2..7.12..........5......7.3......9....4.24.7....9.....1..,
...967.1....8.1.75....32..956...9.....7.5......3.....8..5.......8..7.2.1....2.6..,
7..3.4...91.......6......5.8.3..5......9...6..5......1...7..4......3951...8..13.7,
.8.1..7.4.......85..2.....93.482...1.......9.297..........71..29.5....4.7.14.....,
....93..8.4.1.8....7.54...2.3....18.9...............53....5274.....7....41.....3.,
..5....72792.................35...4..5.1..2....4..236..2...9...3....61...4.7...36,
.1....2.7........6......5...416.8.7..67..2.5...85.....7..32..4..54..16.8........3,
............2815.78..6.9...2.5...31..9.135..8..6...7....7....9.5...63......8..1..,
........6..95.67..7.3....5...1.....75......4.4971.5...926............2.1.1...7.69,
.6.98.......2..8.418....6....7...9.......3...39..1..6.8......1.4..........34....9,
..4.237...6179.5.......5.291.7..................942.........236572....9...3.....7,
..864.7..173.5...44.6.2........3.......7...68...1....78.4.....5..75....2.2....83.,
..........8.6..5945..7....37..9..4...49....82.28.6........27........97353........,
......5...3.....195...617..8......63..1..387.........136...5..4...64..9..74.8....,
....7.9......2.413........2.6...1.3..4..32..672.9..........4361..1.......89...7..,
.4..5.3.......1.4...6.3...5....8.6.3.......1.367.....94..6.5......8...3.8.9..71..,
4.....2.12.6.8......754.........5...1..4..8....46.7..5.6..7.1...9...6..27...5....,
...32.....23.1...5.71..9......197...5....6...........9.32.7..81.8........5..6.72.,
.2....9...74.36..896...73...9.71..2.....2...12.....49......4.7..46......8.....6..,
..3.254.......8..68..16.7..........75....71........5..7..5.......1..23.4.24..6.5.,
98.72...3.4.........7...19..31..5.......8....4.51.7....14....7.7....9.........8.2,
8..6..5...3..57.1....8...7.7...3.2....5..6...6.........8.27..34........22...146..,
18.........7..932...2...7....3....5.59.........132.6..9...87...2...1.53...5......,
3.974.6.............79..2..8.3..19......7...312....47..3...68...1....7..6.8......,
.8......2..1....3..9.....8..5719...........75..2........5..9..38..4.791....3.2..8,
9783...........54........9......81.4....7..3...9.3...68........3.6.9781.49..1.3..,
...6...9........4.....59.2..63.7....9...2.1.6.........65.3....91...6.3..7..41.5..,
...8...65.....37.....571..9...3.....8.....5.6.....6..116.7..9.8.359...7.....4..1.,
.5.7..3..4.36......1...........2..1.9.1...45..2...4.......4.965..4.3.7....6..7..3,
.1.2....3......72..........46.1....8..9.46...7....9....3....2.7.4.3..89..728..4.1,
...1.....8.....9..79......2.6..5.78..4.97.1.6...6......8526..7.6.....4.12.....6..,
.1...........62.5.....7.........8....5.9...13..7..5...1....98.5..32...797.8...12.,
..69.....58.1..6..91....5..........8...8.39..15....2.....2...........4.33.4....96,
5......1...27......1..2.....7.9........8.......95..38.8...9...1.35.4.8....438....,
7.1......32.....5..46......2.74...3..14..5..9.......24...3.7962....9..45.6.5....3,
..2...48........5....8..691...2.....3.....2...9..1..4...3.6....41.9.2..68.51.4...,
....8..29...1.......7..548..........2..954.7....6729.......15...84..6.1...6.4.7..,
4..2.......3...7.......56...6..4...7......3..38...7....3.....6...5..3..47.9..8..2,
....395.....71..9.97...82.11.......2.9..2...5....93..6.2..763....5......76..8...9,
.9...4.583....76....2...493...279..5...8.5.......3....7......342....6...9..54....,
.637.8...4..5.....58..63...87.4.....3.4...7....5..1......98..56.5.........1.3.8..,
.1..5.68.9.......1....9.3....4.....5......93..2.1...684....8.133...6...2.....95..,
...6.49.....2.1.......79.51.64.............2.1.2..5794....43..6...7.2.....3.9.27.,
1.973................5...7283..71.........7...5.3......4....18....9..325..5..7.4.,
.81..75...468...1.7...6.38..632.1..5..........1.5.6..4......2...........2..653...,
4.5.........1...7..79....81.......2...82.9.34.....4......815.....4.3..17.5....2..,
.......7.5...7.4.....1.826...1.5..47..6.....123....6.....71...........8.....3.5.2,
......1...3.4........827.....8...7.4.....8...2.46.98...872......29...6..4.1.36..9,
.9.8..5.....6.4.......1..672......7...5....19.1..8.64..62...4..984..........9...8,
1......577...2.....9.1.6..2......4.........21.7...18.991..8.6.4.8.6..51......4...,
...1......234.9.6.7.9.....2.45...7.9.62..3.5..9...4.2...6.3..4....6...........29.,
9..25.....7......16.37....5..5.9.3.........244.6..35.........9.7...1.......5.7...,
39..62...7..5....62...7.3.5.......4...425..6.....9...2....862.3.8.3..479.........,
....9.52...7..4.....5.2...3...3.7...7...4.9...........4..5..6...2......8.63..8.57,
.837..5.....3.6.....6..8...9.......3..7643..2....7......9......5...2...4..25.96..,
4.....36....8...91..1..6.5476..318.95......7..9..7...3.............83....7..9....,
5.9.......1..6.5..6.71.5......5..3....38.1..9.9.6..81........621.......7.867.....,
.......72..69543...8.6........4.5.....47..9.3..3..62....2....5.........66.....827,
.324.........7.....56312..45.4.......2..51..6...........36...17.....4..391.5.....,
.......42..1.5.......1.6............4.5.62.7.7.3.4.82..8.5.....27..........638...,
893...7..14......6......9.49..7..2...12.38..7...9..18..........638.......2.6.1...,
.96..5.3.2.......4..5..8...6.....498.5...13.6.......1.31.8.......8..9....2.....49,
3..5.......7......5...31.....8...9...2..53.4....2...57....892..1.....475........8,
......5.......8.978.24....32.1...4....5..1..83..2.......3..5....2..19.7.1.73.....,
.4...6.....8.......7.....58...1..6....58....3....37.1..2...4..57.4....6....5..83.,
4..8.......2...7..5.9..4........2....16.85...9.56...8......6..51...2.49...8..76..,
..73..91...37....89.5..2.4..3....5..5....3.9..............9148.1........89.47..2.,
......3.6.......7..3..76.289...2.75...8.5.....73........6.....2......83.7...85.94,
..64....241.8....6.837..4..1....684...7...9.....94..7.8.....3..............2.36..,
...53.6......1.3.......8..5...6.18.4....5.93.....431..3.6.....7148.6.5...79......,
1........82..75..1.....49.5.8...7.....1..2.3..52.89.7..9...3.2....5..4...........,
.5.2.........1.52.....3.169....457.67......9..1...3........2...6.4....5193...42..,
1.9...5....295....8.6..2.3.5...9.....831...6..7.3.8......6..1....7..3......2...8.,
.5.....18.9..2......6....5.2....1.9.....8.6...6.97....98..1...73.28.......5....2.,
.7..6..4....4..91.4.....73..34..51..16.9.4.7...2.....9...7........126.......39...,
6...149.7..359...61....6.3.......2.....4....1.......4.41...3....7.94.5..5..7.26..,
...69...1..42..6.5.3..1.2....5.3........6....8..52..692.......81........9.3.4.5..,
4.7.1.............8.9.5..76...8..9..1..9.2..46.....2.5...2....87...4.6...4......1,
4.....2...9..3.....3.7.5.....83...9..2..945...5.87.6..2.....4....9....78.7....3..,
.2.......8..54.2.1.9.7...85...8...4994........5.43.17........3......3...7...1...4,
.63..4...9....6......89.7...4.7.8...39..21...82..6.4...7..39..2......6...3.647...,
6...18..2..9....8.2.5..31.7.7.3........6.923...6.....8.......2..1....5....35.1...,
1.........82.1.96.946.2..1.2.......4.1..63.2...8....................425...935864.,
...342.....26....7....9......4....2.....8......9.2...3.2...6.79.87...31.3.69....4,
.82...14..34...26...6......5..13.......86.......257.8..7..1.35..........6..32.8..,
.6.......28....4......9..53...1......28..63..946........5.3..2.6..28.1..8..9.4...,
84.2....39.37..4...75...18.....1.5.......9.......4...1.8..7.....9....2..2..1.5..4,
.......1.5....6.....72.......45...966....75..9.2...1.42.6.......4......21793.4...,
6..15.......8.......1..3.2.8.5.42.1.4..5...............3..98.4.28.3..65...9...3.2,
9......6........9..17..........69..5....3.6..6.94.237...4.53.2...6..4.3.79....1..,
7..984..6.........2.57..4..47.......38...65.96.93.8..2.2...............39..5.7...,
.2.5......79...52......8...69.1..75.7526...8...83.....2.5.6137....2.......1..3...,
7.5.2.1.......1.....2.8.....9....2.64.6..87......5.98...71..8..1...4....9..2.7...,
......5...37...1..891....37.5..76....621..7.............8.....3...9....221.6.78.9,
5.....9.2..49.25..3..........7..4.5........76..9.8..3.485..37..2.6..9............,
............785..9.7..9.5..4....7.32......8...1...2.97.9.2.4..115...9..4....3....,
7.4.52......9.8.....9..1..6..8..691.5.......81..2..7.4...8.......1.7......7...28.,
.....6........3..596..54.78...3.8..9..8.91437.......1...........836..1...1....986,
2..3.1...9...2.5..8....591.37......56.2.7.3.8....5....5.3..8....96....2..8.......,
....6......89.2.6...7...3.97.......8...4.72.3......6...89.2.....618.9.244..31....,
............9..451...4....8....3...9.8....2.797...2.4...1.5..8..42.8.3..7....3..4,
....8......1...2.7.34.7.......39......2....8...92...1..5...9..4.4.7519...83......,
....9.6.5.....5...4...12...8.6...14...21....6.....8..2....8..5....5.93..1..43...9,
..74...8.6..91....91.7.865.7.....4..596....2....5...7.....6...........9.85..4.2..,
1...426......1...3..73..5..4.....82.....6.3.5.76.8..........1..63....2....2......,
.6..9.71.98.52.3.61....35..7.....1...2.6...........9..8..........1..6.5....879...,
...5.4.............5...2..42....3167.3.2.......4.6.3..7.1.2.6.....4..7...4.69..2.,
...8...3....7.1.......36.127..29.........5.....96..258......8.99.83...266..5...7.,
..375.8..8..4.2.69.29.3.4..58....6.3.9.....2..326....7..........7.5....6...2.....,
...36572.......3...6.7.8....36....4.52....9..4.9.26...87.2..........4.87...5.....,
6..4.....1..3.9.........93642.8....1.....24....9.1..8....68..4......53.9......15.,
361.8.....4..9..8....2......3894..6..1.......4.761.3.....12493.2...6........3...7,
..8....4..9.4.7.3..7.........61...5....3.8.1...15..39..3.8.1..4.....5..9.....657.,
9....1..41...3.9..7..6.9........2....26....1........8..9.74.86....3...7.47.1....3,
.....4.278.7.36....4........53.........42.....81....64...3..5....67..31.7...5...6,
.....87..814....9...3.9.2..1...4...33.....51...9.....4..58....7....13....7..5..89,
.8......4.2.1..36.9.....7...6....1...3.4.9.8.8.....9....3.81..66....4..7......21.,
43........7....1...1...2.359.....3.41......7...2..4.5...7.9...1.......42.....7.6.,
9.....7.2........9.........57.8....6.123....88..21....16.75.2..2..9..6...9...8..7,
.5..6.......5..76...2...4..69........85..4971...8.5...72....65.1..9..28....7.....,
8.........7...9.28...74.....61..27..3...8......8...619...69.4...1.83..96.........,
32.176....6734....5........749......6.....3...5.49.........9......6..74.2...3..1.,
..1.5..9..756......3.8.7......7.........498...1..65......3......87...1.5..6...78.,
...4.........7...514.3.......9....7..23..7..18...1..23.5....71..3.72.5..48..5..3.,
.9..5.2.7.7..4.....15...9.......8..58....3.....25..4...8..2...4...789..19..3.....,
..6...4....56.1.3..8......1.7.5.6..3.417......9...8...86...31.7..4.1....3........,
......4....4.8..5.65...2..9...65..3....2....6..9..8.1.......19...1...6.5...39...8,
.27...6.9.......32539.2..7.....6.......4.89.5....5.4.3.4...6....5.27..4....5....7,
....5.6..92..........2693...139..5.....71...37...35.4........9249...37.......41..,
..8....3..15..4.9....6.7....5...........9.1...89............95..6198..43...4.6.7.,
....9.2..........7.....41..8....152..9...3...1..925.....18.9.3..257.........3...4,
65.3..7.......4.......67.....2.9.....9.571...7....3.....5.2...33.4...15...7....26,
.........67.1.....2.1.7...9.......8.....8..177.5...3...5.3...2....62..3.1.....8.5,
..5.....7...........7.415...1......27.....1.86.8....3..6.2.3..5...5...2..54.8..7.,
.9......5.6...........85.3..7...9...1...6.....83.27.......71.636....8.29.192..58.,
...2..786.....73.........4..4...2....6...3817.8..1.....3..264..9........1..4....3,
3..7..9.....2.3.5......83.1..93......56.17....7.6..2.8......1..9....5.76.......2.,
...718.....4........9...72.7159......425...9.9....7..3.2..5918..5.8.4............,
.....5.....5..9..47.4..........3..8......17...82...9....14..59..2.......4.97..1.3,
.32.74.......2...541.658..28..2.65.4.....1..........7..28.............4..7....35.,
9.58.......3.7..8.4...627..........83.7..62.4.....3.....8....26......3.....4...5.,
85.........3.1.4..9.6.........8..6.12..39...85..16..2.1.........3..2......8.3.19.,
..87....334...5.7....9.36.8574.....9.......8.....24.5.78.....34..2......93....2..,
6.2.......5....4...4...97.5816.....9.9.........42.....5....29..1.8.4........7.12.,
..8.4.....7..6....5.43..7..2..7..1...6.....7..3....4..1..6...5..4..31...7......2.,
.7..1.92...6.92..3...4.67....39.4.6.5...7...........9..1.........7.2....3.5..12..,
..4.7.2.1....258..8...3..47..3....2..........76....1.5.1........87..15..632.....4,
...3........4...959....6...5.8.1..463.2..5.8.4..8.......12......6..9312.......45.,
2.6..4...4.7..3....9356..7....2......1..9.63.6...7..92....3...7........65......1.,
.........9.813.4...7..45....894.3...2......4...3.92..5.5....37.1.........47.1....,
6...7.........49...43.6.1.59.......3....83.....61..5....49..6.7....374....1.4.3..,
.6..4.8..34...1.7....6.9.....129.43....3..1...............2..8.4.3.....7..2..8..1,
9...6.2.3318...7.....9....85.7....6.......5.2.6....9...723.1.....3.96..........8.,
.........6.....3128.9.1.5.....27..3...1....5.......28...89......3.6.5..79.2.3..6.,
..36.829..2.5....3...2...1..3...45..5......284...8.1.....459.6.....63......1.....,
.......9....6.2..5.1..5.4.21.946372.7............27...9....4.6....2.....34..96.7.,
2....3.4.3.49..5...6.4..13...5.86.....61.....1........4.2.9....958.....4..35..2..,
..5.2.9.....65.......3.........8..91517........2...3...6...3..98.3..5.2.7.9..2.8.,
87.........9........17.94.......71.3...4..82.52....7..432.1.98......8..19.....3..,
.29......6.....13...8.......87.....4.....1....3..8.927.9..4.28....6.3......8..49.,
..5.13..2...74.....3.9..8.1....31.....348.....5...7....1..29.........48..9.87....,
.6..83..2.5......83..6..1......6.....4...537....3......7....4..58...4...63.75.8..,
.2......4..65..39.4.91...57.......7.......963.7...9..2...6...2.5...94...6....5...,
.6...3..1..2.4....1....57...75......3....6..5.9...4.3...96.......7.1......139..62,
......84.....132..82.....9..93......28.3.54....1.64...53...96..........8.....1.5.,
89......54....2....51.4...8..2...9.......7...38.........67..4.......5.2..4...6.59,
..247...9.5.62...77..5.8....9..........8.5...4.57.293....3..5..9.8..63....7......,
.......5.....4..2..1....8.....3...8.68.9..4.....42.69..9.6...4.85......2.61..59..,
.87.1...5..1..94.7..9.67....9..46.1........4..1..98...42.....59..........5.28....,
.......94....3....697...5....5......4..3..2.11....69459.....1...16.4..7...3.2....,
3..7....2..1..5..62.7..4...9..2......2....6.......65.....9.3..11.34.7.........3..,
7..9..386.....4......3...4.6......3.2.98......47.2......81....2913..7..44........,
..3..9..21...736..5.4.1...79....4....4.....59..7.21.....9.....6..13..9..2........,
..9.....357.4.....1....3...3....2..5.2..1.4..6.79..1...9.3........5.62.....741...,
5......19.......28..41.75...754.2......5.3..........9......9.4..23.5.8...87......,
6...8..3..2..9..7....5.......5...8...8947...6..2..6..95.........4.35.7....3728...,
....7.36..1...4.8....8...7.2..4..5......1....16.7...43....85.16.2...6.......4...8,
3....57.8....3....2.5..86........1..1.26..8.3...38.2....3.9..21...1......5...7.6.,
.4..2...9.2.47.8..1...96...7...4....6..5..9.1.....7...8..........5.1..42..1.....5,
.7.9..18.......9......6...7.......12....7.6.9...1...74.8451.....657...4.19.6.25..,
........56.321......7439.........3..92...........4...7.....245...93...21.12..67..,
....6...7.......5485........9645...824..9..6.......4.9.29...8..56...7..27..6...3.,
8...35.....2..7.3....4.2.6.32...9..4579.....3.........4539.........539.....62....,
.35.7..2...8.......7293...45.....8...94...5..62...5.79...3..........9.......869..,
.1.........42...85..9.5..6...7......5....8.17.8.......14.6.72..7.6.2......2.9...8,
.45.1....9...54.2..2........3.....67....9..4.6.1.........13.........7.32.7496..51,
1..4..257.2...3....94....3..5..9.4.......8.....82.5...3........5.918..2....3.21..,
21.7......3..45.9.6..93.7..1..6..57.4.....31......3......327........1...75.4.....,
8.32.57.42..9.4....19.8.......4..87..41...3..7....2..5...7...83............8...27,
....5..48..739....8....43.5.2....4..7.4......9...76.8..5......63.....8..67.9...3.,
7.1....9...5.176...6...............1.48.....3..9..5.7.95.3..4....4.7...86..4.....,
2....1.595.6.....441.6..2...3......89.25.4...1...32........6.3......3.....4...1..,
....3...9...9..4.6..6...5.1.5....1..74..6.3..9....5..7..2.4............33.5.1....,
.......82.573.............17.2.4..6...6..2....43..18..6.5..............6.3.8.75..,
......75.....3.8....5.2..697..3..5.8...6.....2.8.956.....283..7.9..5.........9.1.,
9.4.....6.....1...............4....7.1697.4.54...263.1.........2573....9..9....52,
.1...4...6........3.......12.....6..7.....9...39.5..7..2.7.1.3....94.2..4...3.7.6,
.8.......2.5.8.94.97...23....8.5......7.....2.6..298.....4.8.6.............6.378.,
4...67..17........56.9.1.8....5....3....9..6.9..34.....7......6...75.4...1.......,
6.12..4.8..28.4.7....61.23.27........34.....78.9....4.9..4.........3.61....1...2.,
......6.7.45....38.....745...24...855.47..3....35....9.3..2....6..3..........9.2.,
..5......4...5.....7......1...2..5.37...1826..8..3...78.1.236...36.7....52...6.1.,
....1467.........2.8.25.1..6.5..73..4...31...2.8..6..1.................6.436.....,
3.....5..2....1..9.9.......5.3........8.....19...37....25...8..14.8...9....1...24,
...32.......7..4......14....71.....5..56...726.3..8....1....3.74...8......64..21.,
7.......2..6...7.1..4..7.398...2....3....92.4.67......68........9128.........3...,
...........5..1.47......396..397.....2.4.6..9....5.....7...5.139..1.4.7...42.....,
.............3..1.....2.4.5..4..9..82.87...9.9.58.2....32.5..84..7........1...25.,
5....73..231.............5.496....3....1....4...3..9.51....46....72...413..7..2..,
...35..2.....1...5...9.....9...3..57..179.2.......5.3..7..6....6.2..8..915...9..8,
25468.3.96....9....7.5....8.3......2...9.47.....7.38.......56.4..94.6.7..........,
...8...7...3..4.59..47....3....8.....3.9.67...9.1..5....84.79..94...8......5....6,
..5...1...94265.......9....6...572.99............13....2.....1..7...46.5....79..2,
72...9.3...13.25...........3.5....17.6..81...8.9.7...2..3......1..62.........5.9.,
384...56..........5..2..3.4.2..3.75........2.7..5.......9..783.635..8..9......4..,
.........3......8.......12...1.8.7..79...4..8.6.9...3..234.7.96..63..8...7.89....,
2............8..74.967.1..3....38..........82..369......98.......1..39.6...96....,
83..9.....7.....1.....32.7876.....4.98..2.6..1....8....4..6............3...78....,
.....5....56.....8...32.9...1...76.95.8....3....13.....9.6.8.1........26....52...,
.5....47...25.....16...2..8.....4....8...61...4.1..623...3..8......78.6.....2.7..,
.5..7496..8..61...9..38....69.......8..6471..4.......73.....81...1......5.....43.,
....2.......6.4.93......5..7..1.9..56.....7....47..169.....2...5..9...1..93.....6,
93......72..9.5.6........8.7.4..2...69.....3..5.4.8....7..5..9.3....4....6.3.....,
37....64........8...2..1.....7.2.....2......346973.....4.9..26.89.....7....6.7...,
2..........783...25....7.....4....9.15.....24...3...1....2.3..77.2.5..4..8...1..5,
..........5....6.......6371...51...8.........18.7....97.5....8.3.....12..9..63..7,
.9...72.41.2.......7.6.......1....374.38...........6....6..4........672..2..89...,
6...5.12..9............3.....12....4.........3...1625..52.4961....5.....96...1.48,
.36485.....1.62.3.4.....2..8....6...6.7.4.......3..1...6.8.4.....4.......5....71.,
...7.13.....2.8..9..8.6957.5.3...4....9...6..71.5....3.....6781....3.9...........,
.6..4.2..9...7648..3.5.9.7..4..9...7..7.62.........5324.9..............5..3..8...,
....74...7..28....3.....5...7...16..1...6..3..86....1..2.8..........53....57.....,
2......73..1...6...74..6.8..1.7......5..6..1.....3.7.2.....7.5.....1..284......6.,
.....6...2....76....1.5.7..5.28..1..18..9..........54.........1....75..96.52..4..,
..6...9...2...9.4574.....1..85.......9..7.26.1.......4..7.6..92...1.4.5.........6,
.6....9..47....83.8....64.2..67.8..9.8...9.......2......24.1...31.692......8.....,
3.4.1....5...........92.8....1.92..5...37..4...........9...3.57...7...89..7.....2,
57.........687...1.1.36.......74...33...2...84.1.8..57.3.4..2.................6.5,
......2632.6....5...........1.2659...9.81........9...........3.8..6.4.1...21..5.8,
..9.73.5.....9..416.3.........41...59.6.5............6....3...21..7.....5..164...,
81..5........3.6....3.21.....8...46515...4..8.9....2.......5.......6.84..6.....2.,
........8..124.59...7.9..12......3...38....295........17.9...4..4..2....89.1....3,
.3....72.6..8..9...4.....1828...34.9.............962...19.....4.73.........4.13..,
2...81..........82...9.....1........7..5...46......79..5741....82.79.6...4......9,
..4...6....1......2.8.1..3..8953.....5..6........2.1...9.....1....3.8.4...6...8..,
........54....1.6.7..25.....4...6...5..37....3.61....8....237....4.1.5..6.8......,
.7.1....969.3.5.785......3..1.7.8..6......7.4.6....31..8.....63......4..7..6....1,
.9......2..7..9..3.......5...4......7....831..8.3..52.5...8.17...9..7..5...4.2...,
...62...........9..645......2....3....5...1...97..154.3.1.5.6..24..6...3.5..7....,
.9....586.6.2....7.....92..32.6....1....7..5...681.72..5.............3....8..796.,
56.7..84..17.8463.2......71..1..6.......23.8..4.8........3..2.8.7.....1.....1..6.,
.........71..8...98..94...54..7.613....1.54...6..9...............18.3.57..7......,
..8..9....7.32.......7.....98..1....1..9....5.57....3..1....7..69.1..2....56..81.,
1....96.5..27..............89..7....4....5.9..719.2..69..2...4..8...7...2.7.56...,
17......45.3..78.2.8.4....1...5..3...5..32..8.....4..5....6..2...6.2....8..7.....,
5.3.24.7..2.8.3......65......7.4.2..86.5.....4...36...7.6.............36.4...1.5.,
19..7..2....8.4...........7..7......826..9.1.9....2.845..6.......4..7....689.1...,
.8....9.1....69.8.4..1.8.265.8726....9..5....6......4....2...9...7.4..6.....1....,
....625....3.5..9....8.4....2.....689..3......1...6.598..4.1.......9.1...4..83...,
.8..25.....16.....3..1..9.869.4..21......2.4..4.5...9..5.3....2.....15.6.........,
1.57.........9.7.....1...9...6.......4..8.9......42.5......8.1.......5.6...91.84.,
.519..2.8......5.........735..1..83...65..9.1.3.27...6...6........3.8....2....7..,
3...8947.6.........2..3.....6..738...8...57..7..94...3....6..9....8.....4.....25.,
....7.6......1.8...2.......9...5......6..2.7.1..6.8..2..7..915.3..76.....1..8..3.,
...8.....9...4.....436...79.....1...567...4.....43..9...83..76.............194...,
.....2...2..6..451.18.....9.3.42.5....1.5.9..4.91.6.8.....8.....8..4...3...9..2..,
6.1.....228...3.5..95.6.4....8..16.....3...24.1........5.124.....9.......2.9.5...,
